Workbook

Sheet Dashboard
A1: SALES & REVENUE ANALYSIS DASHBOARD
A3: Interactive-style management dashboard | 2026 sample sales dataset
A5: TOTAL SALES | D5: TOTAL REVENUE | G5: TOTAL QUANTITY | J5: AVG ORDER VALUE
A6: =Analysis!A5 -> 18314398 | D6: =Analysis!C5 -> 17676952 | G6: =Analysis!E5 -> 1343 | J6: =Analysis!G5 -> 91571.988
A28: Top Products & Regional Performance
A29: Product | B29: Sales | C29: Rank | E29: Region | F29: Revenue
A30: =Analysis!A10 -> Laptop | B30: =Analysis!B10 -> 6273532.1 | C30: =RANK(B30,$B$30:$B$37,0) -> 1 | E30: =Analysis!F10 -> North | F30: =Analysis!H10 -> 4748314.8
A31: =Analysis!A11 -> Smartphone | B31: =Analysis!B11 -> 4462850.5 | C31: =RANK(B31,$B$30:$B$37,0) -> 2 | E31: =Analysis!F11 -> South | F31: =Analysis!H11 -> 4924068.5
A32: =Analysis!A12 -> Headphones | B32: =Analysis!B12 -> 302773.25 | C32: =RANK(B32,$B$30:$B$37,0) -> 7 | E32: =Analysis!F12 -> East | F32: =Analysis!H12 -> 3962620.4
A33: =Analysis!A13 -> Keyboard | B33: =Analysis!B13 -> 286027.81 | C33: =RANK(B33,$B$30:$B$37,0) -> 8 | E33: =Analysis!F13 -> West | F33: =Analysis!H13 -> 4041948.2
A34: =Analysis!A14 -> Office Chair | B34: =Analysis!B14 -> 1882015.4 | C34: =RANK(B34,$B$30:$B$37,0) -> 3
A35: =Analysis!A15 -> Monitor | B35: =Analysis!B15 -> 1770003.6 | C35: =RANK(B35,$B$30:$B$37,0) -> 5
A36: =Analysis!A16 -> Desk | B36: =Analysis!B16 -> 1542324.9 | C36: =RANK(B36,$B$30:$B$37,0) -> 6
A37: =Analysis!A17 -> Printer | B37: =Analysis!B17 -> 1794870 | C37: =RANK(B37,$B$30:$B$37,0) -> 4

Sheet Sales Data
A1: Date | B1: Product | C1: Category | D1: Region | E1: Quantity | F1: Unit Price | G1: Sales | H1: Revenue
A2: 46186 | B2: Smartphone | C2: Electronics | D2: North | E2: 12 | F2: 26740.16 | G2: 320881.92 | H2: 300941.31
A3: 46211 | B3: Smartphone | C3: Electronics | D3: North | E3: 10 | F3: 27562.76 | G3: 275627.6 | H3: 254234.43
A4: 46078 | B4: Keyboard | C4: Accessories | D4: North | E4: 9 | F4: 1691.58 | G4: 15224.22 | H4: 14797.8
A5: 46162 | B5: Desk | C5: Furniture | D5: South | E5: 8 | F5: 7124.97 | G5: 56999.76 | H5: 56130.77
A6: 46024 | B6: Headphones | C6: Accessories | D6: West | E6: 6 | F6: 2388.94 | G6: 14333.64 | H6: 13433.85
A7: 46218 | B7: Monitor | C7: Electronics | D7: North | E7: 2 | F7: 11711.83 | G7: 23423.66 | H7: 22222.46
A8: 46111 | B8: Office Chair | C8: Furniture | D8: North | E8: 12 | F8: 8431.02 | G8: 101172.24 | H8: 94088.78
A9: 46119 | B9: Smartphone | C9: Electronics | D9: East | E9: 11 | F9: 28663.71 | G9: 315300.81 | H9: 311812.5
A10: 46170 | B10: Keyboard | C10: Accessories | D10: North | E10: 1 | F10: 1858.05 | G10: 1858.05 | H10: 1824.32
A11: 46043 | B11: Keyboard | C11: Accessories | D11: North | E11: 7 | F11: 1720.07 | G11: 12040.49 | H11: 11689.57
A12: 46116 | B12: Headphones | C12: Accessories | D12: East | E12: 6 | F12: 2354.75 | G12: 14128.5 | H12: 13299.98
A13: 46197 | B13: Smartphone | C13: Electronics | D13: South | E13: 9 | F13: 29283.11 | G13: 263547.99 | H13: 245909.3
... A201: 46145 | B201: Desk | C201: Furniture | D201: West | E201: 11 | F201: 6451.15 | G201: 70962.65 | H201: 69329.95

Sheet Analysis
A1: SALES & REVENUE ANALYSIS
A2: Dashboard-ready summary of sales performance
A4: Total Sales | C4: Total Revenue | E4: Total Quantity | G4: Average Order Value
A5: =SUM('Sales Data'!G2:G201) -> 18314398 | C5: =SUM('Sales Data'!H2:H201) -> 17676952 | E5: =SUM('Sales Data'!E2:E201) -> 1343 | G5: =AVERAGE('Sales Data'!G2:G201) -> 91571.988
A8: Product Performance | F8: Regional Performance
A9: Product | B9: Sales | C9: Revenue | D9: Quantity | F9: Region | G9: Sales | H9: Revenue
A10: Laptop | B10: =SUMIF('Sales Data'!B:B,A10,'Sales Data'!G:G) -> 6273532.1 | C10: =SUMIF('Sales Data'!B:B,A10,'Sales Data'!H:H) -> 6107468.7 | D10: =SUMIF('Sales Data'!B:B,A10,'Sales Data'!E:E) -> 116 | F10: North | G10: =SUMIF('Sales Data'!D:D,F10,'Sales Data'!G:G) -> 4958763.2 | H10: =SUMIF('Sales Data'!D:D,F10,'Sales Data'!H:H) -> 4748314.8
A11: Smartphone | B11: =SUMIF('Sales Data'!B:B,A11,'Sales Data'!G:G) -> 4462850.5 | C11: =SUMIF('Sales Data'!B:B,A11,'Sales Data'!H:H) -> 4293116.9 | D11: =SUMIF('Sales Data'!B:B,A11,'Sales Data'!E:E) -> 161 | F11: South | G11: =SUMIF('Sales Data'!D:D,F11,'Sales Data'!G:G) -> 5099245 | H11: =SUMIF('Sales Data'!D:D,F11,'Sales Data'!H:H) -> 4924068.5
A12: Headphones | B12: =SUMIF('Sales Data'!B:B,A12,'Sales Data'!G:G) -> 302773.25 | C12: =SUMIF('Sales Data'!B:B,A12,'Sales Data'!H:H) -> 290675.29 | D12: =SUMIF('Sales Data'!B:B,A12,'Sales Data'!E:E) -> 124 | F12: East | G12: =SUMIF('Sales Data'!D:D,F12,'Sales Data'!G:G) -> 4039422.3 | H12: =SUMIF('Sales Data'!D:D,F12,'Sales Data'!H:H) -> 3962620.4
A13: Keyboard | B13: =SUMIF('Sales Data'!B:B,A13,'Sales Data'!G:G) -> 286027.81 | C13: =SUMIF('Sales Data'!B:B,A13,'Sales Data'!H:H) -> 274849.03 | D13: =SUMIF('Sales Data'!B:B,A13,'Sales Data'!E:E) -> 160 | F13: West | G13: =SUMIF('Sales Data'!D:D,F13,'Sales Data'!G:G) -> 4216967 | H13: =SUMIF('Sales Data'!D:D,F13,'Sales Data'!H:H) -> 4041948.2
A14: Office Chair | B14: =SUMIF('Sales Data'!B:B,A14,'Sales Data'!G:G) -> 1882015.4 | C14: =SUMIF('Sales Data'!B:B,A14,'Sales Data'!H:H) -> 1800081 | D14: =SUMIF('Sales Data'!B:B,A14,'Sales Data'!E:E) -> 219
A15: Monitor | B15: =SUMIF('Sales Data'!B:B,A15,'Sales Data'!G:G) -> 1770003.6 | C15: =SUMIF('Sales Data'!B:B,A15,'Sales Data'!H:H) -> 1697767.6 | D15: =SUMIF('Sales Data'!B:B,A15,'Sales Data'!E:E) -> 150
A16: Desk | B16: =SUMIF('Sales Data'!B:B,A16,'Sales Data'!G:G) -> 1542324.9 | C16: =SUMIF('Sales Data'!B:B,A16,'Sales Data'!H:H) -> 1489403.2 | D16: =SUMIF('Sales Data'!B:B,A16,'Sales Data'!E:E) -> 220 | F16: Monthly Revenue Trend
A17: Printer | B17: =SUMIF('Sales Data'!B:B,A17,'Sales Data'!G:G) -> 1794870 | C17: =SUMIF('Sales Data'!B:B,A17,'Sales Data'!H:H) -> 1723590.2 | D17: =SUMIF('Sales Data'!B:B,A17,'Sales Data'!E:E) -> 193 | F17: Month | G17: Sales | H17: Revenue
F18: 46023 | G18: =SUMIFS('Sales Data'!G:G,'Sales Data'!A:A,">="&F18,'Sales Data'!A:A,"<"&EDATE(F18,1)) -> 2658942.8 | H18: =SUMIFS('Sales Data'!H:H,'Sales Data'!A:A,">="&F18,'Sales Data'!A:A,"<"&EDATE(F18,1)) -> 2585674.4
A19: Category Performance | F19: 46054 | G19: =SUMIFS('Sales Data'!G:G,'Sales Data'!A:A,">="&F19,'Sales Data'!A:A,"<"&EDATE(F19,1)) -> 1457036.8 | H19: =SUMIFS('Sales Data'!H:H,'Sales Data'!A:A,">="&F19,'Sales Data'!A:A,"<"&EDATE(F19,1)) -> 1378185.5
A20: Category | B20: Sales | C20: Revenue | D20: Quantity | F20: 46082 | G20: =SUMIFS('Sales Data'!G:G,'Sales Data'!A:A,">="&F20,'Sales Data'!A:A,"<"&EDATE(F20,1)) -> 3368262.6 | H20: =SUMIFS('Sales Data'!H:H,'Sales Data'!A:A,">="&F20,'Sales Data'!A:A,"<"&EDATE(F20,1)) -> 3235150.9
A21: Electronics | B21: =SUMIF('Sales Data'!C:C,A21,'Sales Data'!G:G) -> 14301256 | C21: =SUMIF('Sales Data'!C:C,A21,'Sales Data'!H:H) -> 13821943 | D21: =SUMIF('Sales Data'!C:C,A21,'Sales Data'!E:E) -> 620 | F21: 46113 | G21: =SUMIFS('Sales Data'!G:G,'Sales Data'!A:A,">="&F21,'Sales Data'!A:A,"<"&EDATE(F21,1)) -> 2619483.3 | H21: =SUMIFS('Sales Data'!H:H,'Sales Data'!A:A,">="&F21,'Sales Data'!A:A,"<"&EDATE(F21,1)) -> 2550057.4
A22: Accessories | B22: =SUMIF('Sales Data'!C:C,A22,'Sales Data'!G:G) -> 588801.06 | C22: =SUMIF('Sales Data'!C:C,A22,'Sales Data'!H:H) -> 565524.32 | D22: =SUMIF('Sales Data'!C:C,A22,'Sales Data'!E:E) -> 284 | F22: 46143 | G22: =SUMIFS('Sales Data'!G:G,'Sales Data'!A:A,">="&F22,'Sales Data'!A:A,"<"&EDATE(F22,1)) -> 2151059.9 | H22: =SUMIFS('Sales Data'!H:H,'Sales Data'!A:A,">="&F22,'Sales Data'!A:A,"<"&EDATE(F22,1)) -> 2078151.7
A23: Furniture | B23: =SUMIF('Sales Data'!C:C,A23,'Sales Data'!G:G) -> 3424340.2 | C23: =SUMIF('Sales Data'!C:C,A23,'Sales Data'!H:H) -> 3289484.2 | D23: =SUMIF('Sales Data'!C:C,A23,'Sales Data'!E:E) -> 439 | F23: 46174 | G23: =SUMIFS('Sales Data'!G:G,'Sales Data'!A:A,">="&F23,'Sales Data'!A:A,"<"&EDATE(F23,1)) -> 2669442.1 | H23: =SUMIFS('Sales Data'!H:H,'Sales Data'!A:A,">="&F23,'Sales Data'!A:A,"<"&EDATE(F23,1)) -> 2565202.2
F24: 46204 | G24: =SUMIFS('Sales Data'!G:G,'Sales Data'!A:A,">="&F24,'Sales Data'!A:A,"<"&EDATE(F24,1)) -> 3359333.4 | H24: =SUMIFS('Sales Data'!H:H,'Sales Data'!A:A,">="&F24,'Sales Data'!A:A,"<"&EDATE(F24,1)) -> 3254245.1
